<?xml version="1.0" encoding="windows-1252"?>
<!DOCTYPE faces-config PUBLIC
  "-//Sun Microsystems, Inc.//DTD JavaServer Faces Config 1.1//EN"
  "http://java.sun.com/dtd/web-facesconfig_1_1.dtd">
<faces-config xmlns="http://java.sun.com/JSF/Configuration">
  <managed-bean>
    <managed-bean-name>SearchWines</managed-bean-name>
    <managed-bean-class>com.apress.ejb.chapter12.view.managed.SearchWines</managed-bean-class>
    <managed-bean-scope>session</managed-bean-scope>
  </managed-bean>
  <navigation-rule>
    <from-view-id>/winehome.jsp</from-view-id>
    <navigation-case>
      <from-outcome>search</from-outcome>
      <to-view-id>/searchwines.jsp</to-view-id>
    </navigation-case>
    <navigation-case>
      <from-outcome>allwines</from-outcome>
      <to-view-id>/wineList.jsp</to-view-id>
    </navigation-case>
    <navigation-case>
      <from-outcome>cartitems</from-outcome>
      <to-view-id>/cartItems.jsp</to-view-id>
    </navigation-case>
  </navigation-rule>
  <managed-bean>
    <managed-bean-name>WineList</managed-bean-name>
    <managed-bean-class>com.apress.ejb.chapter12.view.managed.WineList</managed-bean-class>
    <managed-bean-scope>session</managed-bean-scope>
  </managed-bean>
  <navigation-rule>
    <from-view-id>/searchwines.jsp</from-view-id>
    <navigation-case>
      <from-outcome>gohome</from-outcome>
      <to-view-id>/winehome.jsp</to-view-id>
    </navigation-case>
    <navigation-case>
      <from-outcome>success</from-outcome>
      <to-view-id>/wineList.jsp</to-view-id>
    </navigation-case>
  </navigation-rule>
  <managed-bean>
    <managed-bean-name>JSFShoppingCart</managed-bean-name>
    <managed-bean-class>com.apress.ejb.chapter12.view.managed.JSFShoppingCart</managed-bean-class>
    <managed-bean-scope>session</managed-bean-scope>
  </managed-bean>
  <navigation-rule>
    <from-view-id>/wineList.jsp</from-view-id>
    <navigation-case>
      <from-outcome>addtocart</from-outcome>
      <to-view-id>/addtoCart.jsp</to-view-id>
    </navigation-case>
  </navigation-rule>
  <navigation-rule>
    <from-view-id>/addtoCart.jsp</from-view-id>
    <navigation-case>
      <from-outcome>success</from-outcome>
      <to-view-id>/cartItems.jsp</to-view-id>
    </navigation-case>
  </navigation-rule>
  <managed-bean>
    <managed-bean-name>Login</managed-bean-name>
    <managed-bean-class>com.apress.ejb.chapter12.view.managed.Login</managed-bean-class>
    <managed-bean-scope>session</managed-bean-scope>
  </managed-bean>
  <navigation-rule>
    <from-view-id>/winehome.jsp</from-view-id>
  </navigation-rule>
  <navigation-rule>
    <from-view-id>/login.jsp</from-view-id>
    <navigation-case>
      <from-outcome>winehome</from-outcome>
      <to-view-id>/winehome.jsp</to-view-id>
    </navigation-case>
    <navigation-case>
      <from-outcome>register</from-outcome>
      <to-view-id>/newCustomer.jsp</to-view-id>
    </navigation-case>
  </navigation-rule>
  <navigation-rule>
    <from-view-id>/processOrder.jsp</from-view-id>
    <navigation-case>
      <from-outcome>winehome2</from-outcome>
      <to-view-id>/winehome.jsp</to-view-id>
    </navigation-case>
  </navigation-rule>
  <navigation-rule>
    <from-view-id>/cartItems.jsp</from-view-id>
    <navigation-case>
      <from-outcome>success</from-outcome>
      <to-view-id>/processOrder.jsp</to-view-id>
    </navigation-case>
  </navigation-rule>
  <managed-bean>
    <managed-bean-name>NewCustomer</managed-bean-name>
    <managed-bean-class>com.apress.ejb.chapter12.view.managed.NewCustomer</managed-bean-class>
    <managed-bean-scope>request</managed-bean-scope>
  </managed-bean>
  <navigation-rule>
    <from-view-id>/newCustomer.jsp</from-view-id>
    <navigation-case>
      <from-outcome>success</from-outcome>
      <to-view-id>/login.jsp</to-view-id>
    </navigation-case>
  </navigation-rule>
</faces-config>