<?xml version="1.0" encoding="UTF-8"?>
<project xmlns="http://www.netbeans.org/ns/project/1">
    <type>org.netbeans.modules.j2ee.earproject</type>
    <configuration>
        <data xmlns="http://www.netbeans.org/ns/j2ee-earproject/2">
            <name>Chapter04-PersistenceIISamples</name>
            <minimum-ant-version>1.6.5</minimum-ant-version>
            <web-module-libraries/>
            <web-module-additional-libraries>
                <library>
                    <file>${reference.Chapter04-PersistenceIISamples-embeddable.jar}</file>
                    <path-in-war>/</path-in-war>
                </library>
                <library>
                    <file>${reference.Chapter04-PersistenceIISamples-embeddid.jar}</file>
                    <path-in-war>/</path-in-war>
                </library>
                <library>
                    <file>${reference.Chapter04-PersistenceIISamples-idclass.jar}</file>
                    <path-in-war>/</path-in-war>
                </library>
                <library>
                    <file>${reference.Chapter04-PersistenceIISamples-joined.jar}</file>
                    <path-in-war>/</path-in-war>
                </library>
                <library>
                    <file>${reference.Chapter04-PersistenceIISamples-mappedsuperclass.jar}</file>
                    <path-in-war>/</path-in-war>
                </library>
                <library>
                    <file>${reference.Chapter04-PersistenceIISamples-singletable.jar}</file>
                    <path-in-war>/</path-in-war>
                </library>
                <library>
                    <file>${reference.Chapter04-PersistenceIISamples-tableperclass.jar}</file>
                    <path-in-war>/</path-in-war>
                </library>
                <library>
                    <file>${reference.Chapter04-PersistenceIISamples-war.dist-ear}</file>
                    <path-in-war>/</path-in-war>
                </library>
            </web-module-additional-libraries>
        </data>
        <references xmlns="http://www.netbeans.org/ns/ant-project-references/1">
            <reference>
                <foreign-project>Chapter04-PersistenceIISamples-embeddable</foreign-project>
                <artifact-type>jar</artifact-type>
                <script>build.xml</script>
                <target>jar</target>
                <clean-target>clean</clean-target>
                <id>jar</id>
            </reference>
            <reference>
                <foreign-project>Chapter04-PersistenceIISamples-embeddid</foreign-project>
                <artifact-type>jar</artifact-type>
                <script>build.xml</script>
                <target>jar</target>
                <clean-target>clean</clean-target>
                <id>jar</id>
            </reference>
            <reference>
                <foreign-project>Chapter04-PersistenceIISamples-idclass</foreign-project>
                <artifact-type>jar</artifact-type>
                <script>build.xml</script>
                <target>jar</target>
                <clean-target>clean</clean-target>
                <id>jar</id>
            </reference>
            <reference>
                <foreign-project>Chapter04-PersistenceIISamples-joined</foreign-project>
                <artifact-type>jar</artifact-type>
                <script>build.xml</script>
                <target>jar</target>
                <clean-target>clean</clean-target>
                <id>jar</id>
            </reference>
            <reference>
                <foreign-project>Chapter04-PersistenceIISamples-mappedsuperclass</foreign-project>
                <artifact-type>jar</artifact-type>
                <script>build.xml</script>
                <target>jar</target>
                <clean-target>clean</clean-target>
                <id>jar</id>
            </reference>
            <reference>
                <foreign-project>Chapter04-PersistenceIISamples-singletable</foreign-project>
                <artifact-type>jar</artifact-type>
                <script>build.xml</script>
                <target>jar</target>
                <clean-target>clean</clean-target>
                <id>jar</id>
            </reference>
            <reference>
                <foreign-project>Chapter04-PersistenceIISamples-tableperclass</foreign-project>
                <artifact-type>jar</artifact-type>
                <script>build.xml</script>
                <target>jar</target>
                <clean-target>clean</clean-target>
                <id>jar</id>
            </reference>
            <reference>
                <foreign-project>Chapter04-PersistenceIISamples-war</foreign-project>
                <artifact-type>j2ee_ear_archive</artifact-type>
                <script>build.xml</script>
                <target>dist-ear</target>
                <clean-target>clean-ear</clean-target>
                <id>dist-ear</id>
            </reference>
        </references>
    </configuration>
</project>
